{"accuracy": 77.04, "samples": 979, "dropped_singletons": 0, "report": {"Education": {"precision": 1.0, "recall": 0.875, "f1-score": 0.9333333333333333, "support": 8.0}, "Entertainment": {"precision": 0.0, "recall": 0.0, "f1-score": 0.0, "support": 1.0}, "Food": {"precision": 0.75, "recall": 0.782608695652174, "f1-score": 0.7659574468085106, "support": 23.0}, "Income": {"precision": 0.8974358974358975, "recall": 0.5645161290322581, "f1-score": 0.693069306930693, "support": 62.0}, "Other": {"precision": 0.717741935483871, "recall": 0.9368421052631579, "f1-score": 0.8127853881278538, "support": 95.0}, "Shopping": {"precision": 1.0, "recall": 0.4, "f1-score": 0.5714285714285714, "support": 5.0}, "Transport": {"precision": 0.0, "recall": 0.0, "f1-score": 0.0, "support": 2.0}, "accuracy": 0.7704081632653061, "macro avg": {"precision": 0.6235968332742525, "recall": 0.5084238471353699, "f1-score": 0.5395105780898517, "support": 196.0}, "weighted avg": {"precision": 0.7861046403673132, "recall": 0.7704081632653061, "f1-score": 0.755743569909461, "support": 196.0}}}